S_No,Image_Name,Time_stamp,Feature
1,2024-July-18_17-31-26,2024-July-18_17-31-26,Fight
1,2024-July-18_17-31-26,2024-July-18_17-31-26,Fight
1,2024-July-18_17-31-26,2024-July-18_17-31-26,Fight
1,2024-July-18_17-31-26,2024-July-18_17-31-26,Fight
1,2024-July-18_17-31-26,2024-July-18_17-31-26,Fight
1,2024-July-18_17-31-26,2024-July-18_17-31-26,Fight
1,2024-July-18_17-31-27,2024-July-18_17-31-27,Fight
1,2024-July-18_17-31-27,2024-July-18_17-31-27,Fight
1,2024-July-18_17-31-27,2024-July-18_17-31-27,Fight
1,2024-July-18_17-31-27,2024-July-18_17-31-27,Fight
1,2024-July-18_17-31-27,2024-July-18_17-31-27,Fight
1,2024-July-18_17-31-27,2024-July-18_17-31-27,Fight
1,2024-July-18_17-31-27,2024-July-18_17-31-27,Fight
1,2024-July-18_17-31-27,2024-July-18_17-31-27,Fight
1,2024-July-18_17-31-27,2024-July-18_17-31-27,Fight
1,2024-July-18_17-31-27,2024-July-18_17-31-27,Fight
1,2024-July-18_17-31-27,2024-July-18_17-31-27,Fight
1,2024-July-18_17-31-27,2024-July-18_17-31-27,Fight
1,2024-July-18_17-31-27,2024-July-18_17-31-27,Fight
1,2024-July-18_17-31-27,2024-July-18_17-31-27,Fight
1,2024-July-18_17-31-27,2024-July-18_17-31-27,Fight
1,2024-July-18_17-31-27,2024-July-18_17-31-27,Fight
1,2024-July-18_17-31-27,2024-July-18_17-31-27,Fight
1,2024-July-18_17-31-27,2024-July-18_17-31-27,Fight
1,2024-July-18_17-31-27,2024-July-18_17-31-27,Fight
1,2024-July-18_17-31-27,2024-July-18_17-31-27,Fight
1,2024-July-18_17-31-27,2024-July-18_17-31-27,Fight
1,2024-July-18_17-31-27,2024-July-18_17-31-27,Fight
1,2024-July-18_17-31-27,2024-July-18_17-31-27,Fight
1,2024-July-18_17-31-27,2024-July-18_17-31-27,Fight
1,2024-July-18_17-31-27,2024-July-18_17-31-27,Fight
1,2024-July-18_17-31-27,2024-July-18_17-31-27,Fight
1,2024-July-18_17-31-27,2024-July-18_17-31-27,Fight
1,2024-July-18_17-31-27,2024-July-18_17-31-27,Fight
1,2024-July-18_17-31-27,2024-July-18_17-31-27,Fight
1,2024-July-18_17-31-27,2024-July-18_17-31-27,Fight
1,2024-July-18_17-31-27,2024-July-18_17-31-27,Fight
1,2024-July-18_17-31-27,2024-July-18_17-31-27,Fight
1,2024-July-18_17-31-27,2024-July-18_17-31-27,Fight
1,2024-July-18_17-31-28,2024-July-18_17-31-28,Fight
1,2024-July-18_17-31-28,2024-July-18_17-31-28,Fight
1,2024-July-18_17-31-28,2024-July-18_17-31-28,Fight
1,2024-July-18_17-31-28,2024-July-18_17-31-28,Fight
1,2024-July-18_17-31-28,2024-July-18_17-31-28,Fight
1,2024-July-18_17-31-28,2024-July-18_17-31-28,Fight
1,2024-July-18_17-31-28,2024-July-18_17-31-28,Fight
1,2024-July-18_17-31-28,2024-July-18_17-31-28,Fight
1,2024-July-18_17-31-28,2024-July-18_17-31-28,Fight
1,2024-July-18_17-31-28,2024-July-18_17-31-28,Fight
1,2024-July-18_17-31-28,2024-July-18_17-31-28,Fight
1,2024-July-18_17-31-28,2024-July-18_17-31-28,Fight
1,2024-July-18_17-31-28,2024-July-18_17-31-28,Fight
1,2024-July-18_17-31-28,2024-July-18_17-31-28,Fight
1,2024-July-18_17-31-28,2024-July-18_17-31-28,Fight
1,2024-July-18_17-31-28,2024-July-18_17-31-28,Fight
1,2024-July-18_17-31-28,2024-July-18_17-31-28,Fight
1,2024-July-18_17-31-28,2024-July-18_17-31-28,Fight
1,2024-July-18_17-31-28,2024-July-18_17-31-28,Fight
1,2024-July-18_17-31-28,2024-July-18_17-31-28,Fight
1,2024-July-18_17-31-28,2024-July-18_17-31-28,Fight
1,2024-July-18_17-31-28,2024-July-18_17-31-28,Fight
1,2024-July-18_17-31-28,2024-July-18_17-31-28,Fight
1,2024-July-18_17-31-28,2024-July-18_17-31-28,Fight
1,2024-July-18_17-31-28,2024-July-18_17-31-28,Fight
1,2024-July-18_17-31-28,2024-July-18_17-31-28,Fight
1,2024-July-18_17-31-28,2024-July-18_17-31-28,Fight
1,2024-July-18_17-31-28,2024-July-18_17-31-28,Fight
1,2024-July-18_17-31-28,2024-July-18_17-31-28,Fight
1,2024-July-18_17-31-29,2024-July-18_17-31-29,Fight
1,2024-July-18_17-31-29,2024-July-18_17-31-29,Fight
1,2024-July-18_17-31-29,2024-July-18_17-31-29,Fight
1,2024-July-18_17-31-29,2024-July-18_17-31-29,Fight
1,2024-July-18_17-31-29,2024-July-18_17-31-29,Fight
1,2024-July-18_17-31-29,2024-July-18_17-31-29,Fight
1,2024-July-18_17-31-29,2024-July-18_17-31-29,Fight
1,2024-July-18_17-31-29,2024-July-18_17-31-29,Fight
1,2024-July-18_17-31-29,2024-July-18_17-31-29,Fight
1,2024-July-18_17-31-29,2024-July-18_17-31-29,Fight
1,2024-July-18_17-31-29,2024-July-18_17-31-29,Fight
1,2024-July-18_17-31-29,2024-July-18_17-31-29,Fight
1,2024-July-18_17-31-29,2024-July-18_17-31-29,Fight
1,2024-July-18_17-31-29,2024-July-18_17-31-29,Fight
1,2024-July-18_17-31-29,2024-July-18_17-31-29,Fight
1,2024-July-18_17-31-29,2024-July-18_17-31-29,Fight
1,2024-July-18_17-31-29,2024-July-18_17-31-29,Fight
1,2024-July-18_17-31-29,2024-July-18_17-31-29,Fight
1,2024-July-18_17-31-29,2024-July-18_17-31-29,Fight
1,2024-July-18_17-31-29,2024-July-18_17-31-29,Fight
1,2024-July-18_17-31-29,2024-July-18_17-31-29,Fight
1,2024-July-18_17-31-29,2024-July-18_17-31-29,Fight
1,2024-July-18_17-31-29,2024-July-18_17-31-29,Fight
1,2024-July-18_17-31-29,2024-July-18_17-31-29,Fight
1,2024-July-18_17-31-29,2024-July-18_17-31-29,Fight
1,2024-July-18_17-31-29,2024-July-18_17-31-29,Fight
1,2024-July-18_17-31-29,2024-July-18_17-31-29,Fight
1,2024-July-18_17-31-29,2024-July-18_17-31-29,Fight
1,2024-July-18_17-31-29,2024-July-18_17-31-29,Fight
1,2024-July-18_17-31-30,2024-July-18_17-31-30,Fight
1,2024-July-18_17-31-30,2024-July-18_17-31-30,Fight
1,2024-July-18_17-31-30,2024-July-18_17-31-30,Fight
1,2024-July-18_17-31-30,2024-July-18_17-31-30,Fight
1,2024-July-18_17-31-30,2024-July-18_17-31-30,Fight
1,2024-July-18_17-31-30,2024-July-18_17-31-30,Fight
1,2024-July-18_17-31-30,2024-July-18_17-31-30,Fight
1,2024-July-18_17-31-30,2024-July-18_17-31-30,Fight
1,2024-July-18_17-31-30,2024-July-18_17-31-30,Fight
1,2024-July-18_17-31-30,2024-July-18_17-31-30,Fight
1,2024-July-18_17-31-30,2024-July-18_17-31-30,Fight
1,2024-July-18_17-31-30,2024-July-18_17-31-30,Fight
1,2024-July-18_17-31-30,2024-July-18_17-31-30,Fight
1,2024-July-18_17-31-30,2024-July-18_17-31-30,Fight
1,2024-July-18_17-31-30,2024-July-18_17-31-30,Fight
1,2024-July-18_17-31-30,2024-July-18_17-31-30,Fight
1,2024-July-18_17-31-30,2024-July-18_17-31-30,Fight
1,2024-July-18_17-31-30,2024-July-18_17-31-30,Fight
1,2024-July-18_17-31-30,2024-July-18_17-31-30,Fight
1,2024-July-18_17-31-30,2024-July-18_17-31-30,Fight
1,2024-July-18_17-31-30,2024-July-18_17-31-30,Fight
1,2024-July-18_17-31-30,2024-July-18_17-31-30,Fight
1,2024-July-18_17-31-30,2024-July-18_17-31-30,Fight
1,2024-July-18_17-31-31,2024-July-18_17-31-31,Fight
1,2024-July-18_17-31-31,2024-July-18_17-31-31,Fight
1,2024-July-18_17-31-31,2024-July-18_17-31-31,Fight
1,2024-July-18_17-31-31,2024-July-18_17-31-31,Fight
1,2024-July-18_17-31-31,2024-July-18_17-31-31,Fight
1,2024-July-18_17-31-31,2024-July-18_17-31-31,Fight
1,2024-July-18_17-31-31,2024-July-18_17-31-31,Fight
1,2024-July-18_17-31-31,2024-July-18_17-31-31,Fight
1,2024-July-18_17-31-31,2024-July-18_17-31-31,Fight
1,2024-July-18_17-31-31,2024-July-18_17-31-31,Fight
1,2024-July-18_17-31-31,2024-July-18_17-31-31,Fight
1,2024-July-18_17-31-31,2024-July-18_17-31-31,Fight
1,2024-July-18_17-31-31,2024-July-18_17-31-31,Fight
1,2024-July-18_17-31-31,2024-July-18_17-31-31,Fight
1,2024-July-18_17-31-31,2024-July-18_17-31-31,Fight
1,2024-July-18_17-31-31,2024-July-18_17-31-31,Fight
1,2024-July-18_17-31-31,2024-July-18_17-31-31,Fight
1,2024-July-18_17-31-31,2024-July-18_17-31-31,Fight
1,2024-July-18_17-31-31,2024-July-18_17-31-31,Fight
1,2024-July-18_17-31-32,2024-July-18_17-31-32,Fight
1,2024-July-18_17-31-32,2024-July-18_17-31-32,Fight
1,2024-July-18_17-31-32,2024-July-18_17-31-32,Fight
1,2024-July-18_17-31-32,2024-July-18_17-31-32,Fight
1,2024-July-18_17-31-32,2024-July-18_17-31-32,Fight
1,2024-July-18_17-31-32,2024-July-18_17-31-32,Fight
1,2024-July-18_17-31-32,2024-July-18_17-31-32,Fight
1,2024-July-18_17-31-32,2024-July-18_17-31-32,Fight
1,2024-July-18_17-31-32,2024-July-18_17-31-32,Fight
1,2024-July-18_17-31-32,2024-July-18_17-31-32,Fight
1,2024-July-18_17-31-32,2024-July-18_17-31-32,Fight
1,2024-July-18_17-31-32,2024-July-18_17-31-32,Fight
1,2024-July-18_17-31-32,2024-July-18_17-31-32,Fight
1,2024-July-18_17-31-32,2024-July-18_17-31-32,Fight
1,2024-July-18_17-31-32,2024-July-18_17-31-32,Fight
1,2024-July-18_17-31-32,2024-July-18_17-31-32,Fight
1,2024-July-18_17-31-32,2024-July-18_17-31-32,Fight
1,2024-July-18_17-31-32,2024-July-18_17-31-32,Fight
1,2024-July-18_17-31-32,2024-July-18_17-31-32,Fight
1,2024-July-18_17-31-32,2024-July-18_17-31-32,Fight
1,2024-July-18_17-31-32,2024-July-18_17-31-32,Fight
1,2024-July-18_17-31-32,2024-July-18_17-31-32,Fight
1,2024-July-18_17-31-32,2024-July-18_17-31-32,Fight
1,2024-July-18_17-31-32,2024-July-18_17-31-32,Fight
1,2024-July-18_17-31-32,2024-July-18_17-31-32,Fight
1,2024-July-18_17-31-32,2024-July-18_17-31-32,Fight
1,2024-July-18_17-31-33,2024-July-18_17-31-33,Fight
1,2024-July-18_17-31-33,2024-July-18_17-31-33,Fight
1,2024-July-18_17-31-33,2024-July-18_17-31-33,Fight
1,2024-July-18_17-31-33,2024-July-18_17-31-33,Fight
1,2024-July-18_17-31-33,2024-July-18_17-31-33,Fight
1,2024-July-18_17-31-33,2024-July-18_17-31-33,Fight
1,2024-July-18_17-31-33,2024-July-18_17-31-33,Fight
1,2024-July-18_17-31-33,2024-July-18_17-31-33,Fight
1,2024-July-18_17-31-33,2024-July-18_17-31-33,Fight
1,2024-July-18_17-31-33,2024-July-18_17-31-33,Fight
1,2024-July-18_17-31-33,2024-July-18_17-31-33,Fight
1,2024-July-18_17-31-33,2024-July-18_17-31-33,Fight
1,2024-July-18_17-31-33,2024-July-18_17-31-33,Fight
1,2024-July-18_17-31-33,2024-July-18_17-31-33,Fight
1,2024-July-18_17-31-33,2024-July-18_17-31-33,Fight
1,2024-July-18_17-31-33,2024-July-18_17-31-33,Fight
1,2024-July-18_17-31-33,2024-July-18_17-31-33,Fight
1,2024-July-18_17-31-33,2024-July-18_17-31-33,Fight
1,2024-July-18_17-31-33,2024-July-18_17-31-33,Fight
1,2024-July-18_17-31-33,2024-July-18_17-31-33,Fight
1,2024-July-18_17-31-33,2024-July-18_17-31-33,Fight
1,2024-July-18_17-31-33,2024-July-18_17-31-33,Fight
1,2024-July-18_17-31-33,2024-July-18_17-31-33,Fight
1,2024-July-18_17-31-33,2024-July-18_17-31-33,Fight
1,2024-July-18_17-31-33,2024-July-18_17-31-33,Fight
1,2024-July-18_17-31-33,2024-July-18_17-31-33,Fight
1,2024-July-18_17-31-33,2024-July-18_17-31-33,Fight
1,2024-July-18_17-31-33,2024-July-18_17-31-33,Fight
1,2024-July-18_17-31-34,2024-July-18_17-31-34,Fight
1,2024-July-18_17-31-34,2024-July-18_17-31-34,Fight
1,2024-July-18_17-31-34,2024-July-18_17-31-34,Fight
1,2024-July-18_17-31-34,2024-July-18_17-31-34,Fight
1,2024-July-18_17-31-34,2024-July-18_17-31-34,Fight
1,2024-July-18_17-31-34,2024-July-18_17-31-34,Fight
1,2024-July-18_17-31-34,2024-July-18_17-31-34,Fight
1,2024-July-18_17-31-34,2024-July-18_17-31-34,Fight
1,2024-July-18_17-31-34,2024-July-18_17-31-34,Fight
1,2024-July-18_17-31-34,2024-July-18_17-31-34,Fight
1,2024-July-18_17-31-34,2024-July-18_17-31-34,Fight
1,2024-July-18_17-31-34,2024-July-18_17-31-34,Fight
1,2024-July-18_17-31-34,2024-July-18_17-31-34,Fight
1,2024-July-18_17-31-34,2024-July-18_17-31-34,Fight
1,2024-July-18_17-31-34,2024-July-18_17-31-34,Fight
1,2024-July-18_17-31-34,2024-July-18_17-31-34,Fight
1,2024-July-18_17-31-34,2024-July-18_17-31-34,Fight
1,2024-July-18_17-31-34,2024-July-18_17-31-34,Fight
1,2024-July-18_17-31-34,2024-July-18_17-31-34,Fight
1,2024-July-18_17-31-34,2024-July-18_17-31-34,Fight
1,2024-July-18_17-31-34,2024-July-18_17-31-34,Fight
1,2024-July-18_17-31-34,2024-July-18_17-31-34,Fight
1,2024-July-18_17-31-34,2024-July-18_17-31-34,Fight
1,2024-July-18_17-31-34,2024-July-18_17-31-34,Fight
1,2024-July-18_17-31-34,2024-July-18_17-31-34,Fight
1,2024-July-18_17-31-34,2024-July-18_17-31-34,Fight
1,2024-July-18_17-31-34,2024-July-18_17-31-34,Fight
1,2024-July-18_17-31-35,2024-July-18_17-31-35,Fight
1,2024-July-18_17-31-35,2024-July-18_17-31-35,Fight
1,2024-July-18_17-31-35,2024-July-18_17-31-35,Fight
1,2024-July-18_17-31-35,2024-July-18_17-31-35,Fight
1,2024-July-18_17-31-35,2024-July-18_17-31-35,Fight
1,2024-July-18_17-31-35,2024-July-18_17-31-35,Fight
1,2024-July-18_17-31-35,2024-July-18_17-31-35,Fight
1,2024-July-18_17-31-35,2024-July-18_17-31-35,Fight
1,2024-July-18_17-31-35,2024-July-18_17-31-35,Fight
1,2024-July-18_17-31-35,2024-July-18_17-31-35,Fight
1,2024-July-18_17-31-35,2024-July-18_17-31-35,Fight
1,2024-July-18_17-31-35,2024-July-18_17-31-35,Fight
1,2024-July-18_17-31-35,2024-July-18_17-31-35,Fight
1,2024-July-18_17-31-35,2024-July-18_17-31-35,Fight
1,2024-July-18_17-31-35,2024-July-18_17-31-35,Fight
1,2024-July-18_17-31-35,2024-July-18_17-31-35,Fight
1,2024-July-18_17-31-35,2024-July-18_17-31-35,Fight
1,2024-July-18_17-31-35,2024-July-18_17-31-35,Fight
1,2024-July-18_17-31-35,2024-July-18_17-31-35,Fight
1,2024-July-18_17-31-35,2024-July-18_17-31-35,Fight
1,2024-July-18_17-31-35,2024-July-18_17-31-35,Fight
1,2024-July-18_17-31-35,2024-July-18_17-31-35,Fight
1,2024-July-18_17-31-35,2024-July-18_17-31-35,Fight
1,2024-July-18_17-31-35,2024-July-18_17-31-35,Fight
1,2024-July-18_17-31-35,2024-July-18_17-31-35,Fight
1,2024-July-18_17-31-35,2024-July-18_17-31-35,Fight
1,2024-July-18_17-31-36,2024-July-18_17-31-36,Fight
1,2024-July-18_17-31-36,2024-July-18_17-31-36,Fight
1,2024-July-18_17-31-36,2024-July-18_17-31-36,Fight
1,2024-July-18_17-31-36,2024-July-18_17-31-36,Fight
1,2024-July-18_17-31-36,2024-July-18_17-31-36,Fight
1,2024-July-18_17-31-36,2024-July-18_17-31-36,Fight
1,2024-July-18_17-31-36,2024-July-18_17-31-36,Fight
1,2024-July-18_17-31-36,2024-July-18_17-31-36,Fight
1,2024-July-18_17-31-36,2024-July-18_17-31-36,Fight
1,2024-July-18_17-31-36,2024-July-18_17-31-36,Fight
1,2024-July-18_17-31-36,2024-July-18_17-31-36,Fight
1,2024-July-18_17-31-36,2024-July-18_17-31-36,Fight
1,2024-July-18_17-31-36,2024-July-18_17-31-36,Fight
1,2024-July-18_17-31-36,2024-July-18_17-31-36,Fight
1,2024-July-18_17-31-36,2024-July-18_17-31-36,Fight
1,2024-July-18_17-31-36,2024-July-18_17-31-36,Fight
1,2024-July-18_17-31-36,2024-July-18_17-31-36,Fight
1,2024-July-18_17-31-36,2024-July-18_17-31-36,Fight
1,2024-July-18_17-31-36,2024-July-18_17-31-36,Fight
1,2024-July-18_17-31-36,2024-July-18_17-31-36,Fight
1,2024-July-18_17-31-36,2024-July-18_17-31-36,Fight
1,2024-July-18_17-31-36,2024-July-18_17-31-36,Fight
1,2024-July-18_17-31-36,2024-July-18_17-31-36,Fight
1,2024-July-18_17-31-36,2024-July-18_17-31-36,Fight
1,2024-July-18_17-31-36,2024-July-18_17-31-36,Fight
1,2024-July-18_17-31-36,2024-July-18_17-31-36,Fight
1,2024-July-18_17-31-36,2024-July-18_17-31-36,Fight
1,2024-July-18_17-31-36,2024-July-18_17-31-36,Fight
1,2024-July-18_17-31-36,2024-July-18_17-31-36,Fight
1,2024-July-18_17-31-36,2024-July-18_17-31-36,Fight
1,2024-July-18_17-31-37,2024-July-18_17-31-37,Fight
1,2024-July-18_17-31-37,2024-July-18_17-31-37,Fight
1,2024-July-18_17-31-37,2024-July-18_17-31-37,Fight
1,2024-July-18_17-31-37,2024-July-18_17-31-37,Fight
1,2024-July-18_17-31-37,2024-July-18_17-31-37,Fight
1,2024-July-18_17-31-37,2024-July-18_17-31-37,Fight
1,2024-July-18_17-31-37,2024-July-18_17-31-37,Fight
1,2024-July-18_17-31-37,2024-July-18_17-31-37,Fight
1,2024-July-18_17-31-37,2024-July-18_17-31-37,Fight
1,2024-July-18_17-31-37,2024-July-18_17-31-37,Fight
1,2024-July-18_17-31-37,2024-July-18_17-31-37,Fight
1,2024-July-18_17-31-37,2024-July-18_17-31-37,Fight
1,2024-July-18_17-31-37,2024-July-18_17-31-37,Fight
1,2024-July-18_17-31-37,2024-July-18_17-31-37,Fight
1,2024-July-18_17-31-37,2024-July-18_17-31-37,Fight
1,2024-July-18_17-31-37,2024-July-18_17-31-37,Fight
1,2024-July-18_17-31-37,2024-July-18_17-31-37,Fight
1,2024-July-18_17-31-37,2024-July-18_17-31-37,Fight
1,2024-July-18_17-31-37,2024-July-18_17-31-37,Fight
1,2024-July-18_17-31-37,2024-July-18_17-31-37,Fight
1,2024-July-18_17-31-37,2024-July-18_17-31-37,Fight
1,2024-July-18_17-31-37,2024-July-18_17-31-37,Fight
1,2024-July-18_17-31-37,2024-July-18_17-31-37,Fight
1,2024-July-18_17-31-37,2024-July-18_17-31-37,Fight
